X Displacement,Y Displacement
0.4967141530112327,-0.13826430117118466
2.862790330017707,22.032080326173983
8.374866434506087,78.7833772196609
18.722642871320293,151.67678676773264
24.29447899315383,210.238209549981
32.03328273594213,254.3046607909208
40.52480379498939,284.7868322689748
44.95612169626943,315.5315965030742
